sede_id,sede_desc_castellano,pais_castellano,region_geografica,pais_iso_3,redes_sociales,Estado
ECOLO,Embajada  en  Colombia,REPÚBLICA  DE  COLOMBIA,AMÉRICA  DEL  SUR,COL, www.Facebook.com/ArgColombia/?ref=bookmarks //,Activo
EJAPO,Embajada  en  Japón,日本国  (JAPÓN),ASIA,JPN, www.Facebook.com/ArgJapon/?ref=bookmarks  //  ,Activo
CFLOR,Consulado  en  Florianopolis,REPÚBLICA  FEDERATIVA  DEL  BRASIL,AMÉRICA  DEL  SUR,BRA, www.Facebook.com/cflor.mrecic.gov.ar  //  ,Activo
CSCRS,Consulado  General  y  Centro  de  Promoción  en  Santa  Cruz,ESTADO  PLURINACIONAL  DE  BOLIVIA,AMÉRICA  DEL  SUR,BOL,www.Facebook.com/ArgEnSantaCruz  de  la  Sierra  //  ,Activo
CBARC,Consulado  General  y  Centro  de  Promoción  en  Barcelona,REINO  DE  ESPAÑA,EUROPA  OCCIDENTAL,ESP,www.Facebook.com/ArgEnBarcelona  //  www.Twitter.com/ARGenBarcelona  //  www.Instagram.com/argenbarcelona   // www.Linkedin.com/company/consulado-y-centro-de-promoci%C3%B3n-de-la-republica-argentina-en-barcelona/mycompany/  //  ,Activo
ESAFR,Embajada  en  Sudáfrica,REPÚBLICA  DE  SUDÁFRICA,ÁFRICA  SUBSAHARIANA,ZAF,www.Facebook.com/ArgenSudafrica  //  www.Twitter.com/EmbArgentina  //  www.Instagram.com/argentinaensudafrica  //  ,Activo
ESERB,Embajada  en  Serbia,REPÚBLICA  DE  SERBIA,EUROPA  CENTRAL  Y  ORIENTAL,SRB,www.Facebook.com/ArgentinaEnSerbia  //  www.Instagram.com/ARGinSerbia  //  ,Activo
CVIGO,Consulado  General  en  Vigo,REINO  DE  ESPAÑA,EUROPA  OCCIDENTAL,ESP,www.Facebook.com/ArgentinaenVigo  //  www.Instagram.com/argenvigo/  //  ,Activo
EDOMI,Embajada  en  República  Dominicana,REPÚBLICA  DOMINICANA,AMÉRICA  CENTRAL  Y  CARIBE,DOM,www.Facebook.com/ArgentinaEnRepublicaDominicana/  //  ,Activo
CMIAM,Consulado  General  y  Centro  de  Promoción  en  Miami,Estados  Unidos  de  América,AMÉRICA  DEL  NORTE,USA,www.Facebook.com/consuladoargentino.miami/ // ,Activo
EITAL,Embajada  en  Italia,REPÚBLICA  ITALIANA,EUROPA  OCCIDENTAL,ITA,www.Facebook.com/emb.roma/  //  www.Twitter.com/arginitalia?lang=es  //  www.Instagram.com/arginitalia/?hl=es  //  ,Activo
ESUEC,Embajada  en  Suecia,REINO  DE  SUECIA,EUROPA  OCCIDENTAL,SWE,www.Linkedin.com/showcase/arginsweden  //  www.Facebook.com/arginsweden/  //  www.Instagram.com/arginsweden/  //  ,Activo
EMEXI,Embajada  en  México,ESTADOS  UNIDOS  MEXICANOS,AMÉRICA  DEL  NORTE,MEX,www.Twitter.com/@ARGenMexico  //  www.Facebook.com/ARGenMexico/  //  www.Instagram.com/embargenmexico/  //  www.Youtube.com/user/EmbaArgenMX  //  ,Activo
EARGE,Embajada  en  Argelia,REPÚBLICA  ARGELINA  DEMOCRÁTICA  Y  POPULAR,ÁFRICA  DEL  NORTE  Y  CERCANO  ORIENTE,DZA,www.Twitter.com/ARGenArgelia  //  www.Instagram.com/argenargelia  //  www.Facebook.com/ArgentinaEnArgelia  //  ,Activo
CCHIC,Consulado  General  en  Chicago,Estados  Unidos  de  América,AMÉRICA  DEL  NORTE,USA,www.Twitter.com/argenchicago  //  www.Facebook.com/ArgentinaEnChicago  //  www.Youtube.com/channel/UCjZ3a6zTr156aP_zg-1lQfQ/featured  //  ,Activo
ESALV,Embajada  en  El  Salvador,REPÚBLICA  DE  EL  SALVADOR,AMÉRICA  CENTRAL  Y  CARIBE,SLV,www.Twitter.com/ARGenElSalvador  //  www.Facebook.com/ArgentinaEnElSalvador/  //  www.Instagram.com/embargenelsalvador/  //  ,Activo
EESPA,Embajada  en  España,REINO  DE  ESPAÑA,EUROPA  OCCIDENTAL,ESP,www.Twitter.com/ARGenesp  //  www.Facebook.com/argenespa/  //  www.Instagram.com/argenespa/  //  ,Activo
EPARA,Embajada  en  Paraguay,REPÚBLICA  DEL  PARAGUAY,AMÉRICA  DEL  SUR,PRY,www.Twitter.com/argenparaguay_  //  www.Facebook.com/embajada.paraguay  //  ,Activo
CFDIG,Consulado  en  Foz  de  Iguazu,REPÚBLICA  FEDERATIVA  DEL  BRASIL,AMÉRICA  DEL  SUR,BRA,www.Twitter.com/argentinaenfoz  //  www.Facebook.com/ArgentinaEnFozDeIguazu  //  www.Instagram.com/argentinaenfoz/  //  ,Activo
EINDI,Embajada  en  India,REPÚBLICA  DE  LA  INDIA,ASIA,IND,www.Twitter.com/ArgentinaEnInd  //  www.Facebook.com/ArgentinaEnInd  //  www.Instagram.com/argentinaenind/  //  ,Activo
EURUG,Embajada  en  Uruguay,REPÚBLICA  ORIENTAL  DEL  URUGUAY,AMÉRICA  DEL  SUR,URY,www.Twitter.com/ArgentinaEnUru  //  www.Facebook.com/ArgentinaEnUru/  //  www.Instagram.com/argentinaenuru/  //  ,Activo
EUNES,"Delegación  Permanente  ante  la  Organización  de  las  Naciones  Unidas  para  la  Educación, la  Ciencia  y  la  Cultura",REPÚBLICA  FRANCESA,EUROPA  OCCIDENTAL,FRA,www.Twitter.com/ArgentinaUNESCO  //  www.Facebook.com/delegation.argentine/  //  ,Activo
EVENE,Embajada  en  Venezuela,REPÚBLICA  BOLIVARIANA  DE  VENEZUELA,AMÉRICA  DEL  SUR,VEN,www.Twitter.com/argenvenezuela?lang=es  //  www.Facebook.com/EmbajadaArgentinaEnVenezuela  //  www.Instagram.com/argenvenezuela/  //  ,Activo
ESING,Embajada  en  Singapur,REPÚBLICA  DE  SINGAPUR,ASIA,SGP,www.Twitter.com/ARGinSingapore  //  www.Instagram.com/argentine_embassy_singapore?igshid=YmMyMTA2M2Y=  //  ,Activo
ERUNI,Embajada  en  Reino  Unido,REINO  UNIDO  DE  GRAN  BRETAÑA  E  IRLANDA  DEL  NORTE,EUROPA  OCCIDENTAL,GRB,www.Twitter.com/ARGinUK  //  www.Facebook.com/ARGinUK/  //  www.Flickr.com/photos/138300767@N07/albums  //  www.Instagram.com/arginuk/  //  www.Youtube.com/channel/UCzaGU10f-77SR56kini9-1g/videos?view_as=subscriber  //  ,Activo
EEEUU,Embajada  en  Estados  Unidos,Estados  Unidos  de  América,AMÉRICA  DEL  NORTE,USA,www.Twitter.com/ARGinUSA  //  www.Facebook.com/ARGinUSA/  //  www.Instagram.com/ARGinUSA/  //  www.Flickr.com/photos/ARGinUSA/  //  www.Youtube.com/ARGinUSA  //  www.Linkedin.com/in/ARGinUSA  //  ,Activo
CALEG,Consulado  General  en  Porto  Alegre,REPÚBLICA  FEDERATIVA  DEL  BRASIL,AMÉRICA  DEL  SUR,BRA,www.Twitter.com/ArgPortoAlegre  //  www.Facebook.com/ArgentinaEnPortoAlegre/  //  www.Instagram.com/argenportoalegre/  //  ,Activo
ESSED,Representación  ante  la  Santa  Sede,SANTA  SEDE,EUROPA  OCCIDENTAL,VAT,www.Twitter.com/ArgSantaSede  //  www.Youtube.com/c/EmbajadaArgentinaantelaSantaSede  //  www.Facebook.com/ArgEnSantaSede  //  www.Instagram.com/argensantasede/  //  ,Activo
EPERU,Embajada  en  Perú,REPÚBLICA  DEL  PERÚ,AMÉRICA  DEL  SUR,PER,www.Twitter.com/Emb_Arg_Peru  //  www.Facebook.com/ArgentinaEnPeru  //  ,Activo
EPAKI,Embajada  en  Pakistán,REPÚBLICA  ISLÁMICA  DE  PAKISTÁN,ASIA,PAK,www.Twitter.com/EmbajadadeArge1  //  ,Activo
EHILE,Embajada  en  Chile,REPÚBLICA  DE  CHILE,AMÉRICA  DEL  SUR,CHL,www.Twitter.com/EmbArgEnChile  //  www.Facebook.com/EmbArgentinaEnChile  //  www.Instagram.com/embargenchile/  //  ,Activo
ECEUR,Embajada  ante  la  Unión  Europea,Reino  de  Bélgica,EUROPA  OCCIDENTAL,BEL,www.Facebook.com/ARGanteUE  //  www.Linkedin.com/company/arganteue  //  www.Twitter.com/ARGanteUE  //  www.Youtube.com/@ARGanteUE  //  www.Flickr.com/people/197084220@N02/  //  ,Activo
EALEM,Embajada  en  Alemania,REPÚBLICA  FEDERAL  DE  ALEMANIA,EUROPA  OCCIDENTAL,DEU,www.Facebook.com/ArgEnAlemania/  //  ,Activo
CCEST,Consulado  General  en  Ciudad  del  Este,REPÚBLICA  DEL  PARAGUAY,AMÉRICA  DEL  SUR,PRY,www.Facebook.com/ArgEnCiudaddeleste/  //  www.Instagram.com/argenciudaddeleste  //  ,Activo
CCURI,Consulado  en  Curitiba,REPÚBLICA  FEDERATIVA  DEL  BRASIL,AMÉRICA  DEL  SUR,BRA,www.Facebook.com/ArgEnCuritiba/  //  www.Instagram.com/argEncuritiba  //  www.Twitter.com/ARGenCuri  //  ,Activo
EETIO,Embajada  en  Etiopía,REPÚBLICA  DEMOCRÁTICA  FEDERAL  DE  ETIOPÍA,ÁFRICA  SUBSAHARIANA,ETH,www.Facebook.com/ArgEnEtiopia/  //  www.Instagram.com/embaargenetiopia/  //  ,Activo
EISRA,Embajada  en  Israel,ESTADO  DE  ISRAEL,ASIA,ISR,www.Facebook.com/ArgEnIsrael  //  www.Twitter.com/argenisrael  //  ,Activo
CGMUM,Consulado  General  y  Centro  de  Promoción  en  Mumbai,REPÚBLICA  DE  LA  INDIA,ASIA,IND,www.Facebook.com/argenmumbai  //  www.Instagram.com/argenmumbai  //  www.Twitter.com/cgmum1  //  ,Activo
CNYOR,Consulado  General  y  Centro  de  Promoción  en  Nueva  York,Estados  Unidos  de  América,AMÉRICA  DEL  NORTE,USA,www.Facebook.com/ARGenNewYork  //  www.Twitter.com/ARGenNewYork  //  www.Instagram.com/argennewyork/  //  www.Youtube.com/channel/UCJFygvT8lgEo1PrQqsHqMKg  //  ,Activo
EPBAJ,Embajada  en  Holanda,REINO  DE  LOS  PAÍSES  BAJOS,EUROPA  OCCIDENTAL,NLD,www.Facebook.com/ArgEnPaisesBajos/  //  www.Twitter.com/ArgentinaEnPB  //  ,Activo
REPAL,Oficina  de  Representación  en  el  Estado  de  Palestina,ESTADO  DE  PALESTINA,ASIA,PSE,www.Facebook.com/ArgEnPalestina  //  ,Activo
ETAIL,Embajada  en  Tailandia,REINO  DE  TAILANDIA,ASIA,THA,www.Facebook.com/ArgEnTailandiaBangkok/?tn-str=k*F  //  ,Activo
EANGO,Embajada  en  Angola,REPÚBLICA  DE  ANGOLA,ÁFRICA  SUBSAHARIANA,AGO,www.Facebook.com/ArgentinaEnAngola/  //  www.Instagram.com/embargentinaenangola/  //  ,Activo
EARAB,Embajada  en  Arabia  Saudita,REINO  DE  ARABIA  SAUDITA,ASIA,SAU,www.Facebook.com/argentinaenarabiasaudita/  //  www.Twitter.com/ensaudita  //  www.Instagram.com/arginsaudi/  //  ,Activo
EAUST,Embajada  en  Australia,AUSTRALIA,OCEANÍA,AUS,www.Facebook.com/ArgentinaEnAustralia/  //  www.Twitter.com/ARGinAustralia  //  ,Activo
ETRIA,Embajada  en  Austria,REPÚBLICA  DE  AUSTRIA,EUROPA  OCCIDENTAL,AUT,www.Facebook.com/ArgentinaEnAustria/  //  www.Twitter.com/ARGenViena  //  www.Instagram.com/argenviena/  //  ,Activo
EBARB,Embajada  en  Barbados,BARBADOS,AMÉRICA  CENTRAL  Y  CARIBE,BRB,www.Facebook.com/ArgentinaEnBarbados/  //  ,Activo
EBELG,Embajada  en  Bélgica,Reino  de  Bélgica,EUROPA  OCCIDENTAL,BEL,www.Facebook.com/ArgentinaEnBelgica/  //  www.Instagram.com/argenbelgica/  //  ,Activo
CBELO,Consulado  en  Belo  Horizonte,REPÚBLICA  FEDERATIVA  DEL  BRASIL,AMÉRICA  DEL  SUR,BRA,www.Facebook.com/ArgentinaEnBeloHorizonte/  //  www.Twitter.com/consgralbelo  //  www.Instagram.com/consgralbelo/  //  ,Activo
CRECI,Consulado  en  Recife,REPÚBLICA  FEDERATIVA  DEL  BRASIL,AMÉRICA  DEL  SUR,BRA,www.Facebook.com/ArgentinaEnBrasilRecife  //  www.Instagram.com/consuladoargentinorecife  //  ,Activo
EBULG,Embajada  en  Bulgaria,REPÚBLICA  DE  BULGARIA,EUROPA  CENTRAL  Y  ORIENTAL,BGR,www.Facebook.com/ArgentinaEnBulgaria/  //  www.Youtube.com/channel/UCK-uSxN84lEMqJwCviEjZow  //  ,Activo
CCOLO,Consulado  en  Colonia,REPÚBLICA  ORIENTAL  DEL  URUGUAY,AMÉRICA  DEL  SUR,URY,www.Facebook.com/ArgentinaenColonia  //  ,Activo
ECORE,Embajada  en  Corea  Del  Sur,REPÚBLICA  DE  COREA,ASIA,KOR,www.Facebook.com/ArgentinaEnCorea/  //  www.Instagram.com/embajadaargentinaencorea1/?hl=es  //  ,Activo
ERICA,Embajada  en  Costa  Rica,REPÚBLICA  DE  COSTA  RICA,AMÉRICA  CENTRAL  Y  CARIBE,CRI,www.Facebook.com/argentinaencostarica/  //  ,Activo
ECUBA,Embajada  en  Cuba,REPÚBLICA  DE  CUBA,AMÉRICA  CENTRAL  Y  CARIBE,CUB,www.Facebook.com/ArgentinaEnCubaLaHabana/  //  ,Activo
EECUA,Embajada  en  Ecuador,REPÚBLICA  DEL  ECUADOR,AMÉRICA  DEL  SUR,ECU,www.Facebook.com/Argentina-en-Ecuador-772092829594964/?ref=bookmarks  //  www.Instagram.com/argentinaenecuador?igshid=1pzlw4ojakxjh  //  www.Youtube.com/channel/UC7FnoaJNif8jQLyBb4QDKng  //  ,Activo
EEARB,Embajada  en  Emiratos  Árabes  Unidos,EMIRATOS  ÁRABES  UNIDOS,ASIA,ARE,www.Facebook.com/ArgentinaEnEmiratosArabesUnidos  //  ,Activo
EFILI,Embajada  en  Filipinas,REPÚBLICA  DE  FILIPINAS,ASIA,PHL,www.Facebook.com/ArgentinaEnFilipinas  //  www.Instagram.com/argentinaenfilipinas/  //  www.Twitter.com/ArgentinaEnFili  //  ,Activo
EFRAN,Embajada  en  Francia,REPÚBLICA  FRANCESA,EUROPA  OCCIDENTAL,FRA,www.Facebook.com/ArgentinaEnFrancia/  //  ,Activo
EOIRS,Misión  Permanente  ante  los  Organismos  Internacionales  en  Ginebra,Confederación  Suiza,EUROPA  OCCIDENTAL,CHE,www.Facebook.com/ArgentinaEnGinebra  //  www.Instagram.com/misionargentinaonu  //  www.Twitter.com/ArgentinaONUOMC    //  www.Youtube.com/channel/UCSOsChik8j7nFJZnPq6K7Ag  //  ,Activo
EGREC,Embajada  en  Grecia,REPÚBLICA  HELÉNICA,EUROPA  OCCIDENTAL,GRC,www.Facebook.com/ArgentinaEnGrecia  //  www.Youtube.com/channel/UCFaKsErEs33zEdzJbnrzOog/featured  //  ,Activo
CHOUS,Consulado  General  en  Houston,Estados  Unidos  de  América,AMÉRICA  DEL  NORTE,USA,www.Facebook.com/ArgentinaEnHouston/  //  ,Activo
EUNGR,Embajada  en  Hungría,HUNGRÍA,EUROPA  CENTRAL  Y  ORIENTAL,HUN,www.Facebook.com/ArgentinaEnHungria  //  ,Activo
EIRLA,Embajada  en  Irlanda,IRLANDA,EUROPA  OCCIDENTAL,IRL,www.Facebook.com/ArgentinaEnIrlanda/  //  www.Instagram.com/embajadaargentinairlanda  //  ,Activo
CGTEL,Consulado  General  en  Tel  Aviv,ESTADO  DE  ISRAEL,ASIA,ISR,www.Facebook.com/ArgentinaEnIsrael/  //  ,Activo
EJAMA,Embajada  en  Jamaica,JAMAICA,AMÉRICA  CENTRAL  Y  CARIBE,JAM,www.Facebook.com/ArgentinaEnJamaica/  //  www.Twitter.com/ARGenJamaica  //  ,Activo
ELBNO,Embajada  en  Líbano,REPÚBLICA  LIBANESA,ASIA,LBN,www.Facebook.com/ArgentinaEnLibano  //  ,Activo
CLANG,Consulado  General  y  Centro  de  Promoción  en  Los  Ángeles,Estados  Unidos  de  América,AMÉRICA  DEL  NORTE,USA,www.Facebook.com/ArgentinaEnLosAngeles/?ref=aymt_homepage_panel   ,Activo
CMADR,Consulado  General  en  Madrid,REINO  DE  ESPAÑA,EUROPA  OCCIDENTAL,ESP,www.Facebook.com/ArgentinaEnMadridEsp/  //  ,Activo
EMSIA,Embajada  en  Malasia,MALASIA,ASIA,MYS,www.Facebook.com/ArgentinaEnMalasia  //  ,Activo
CMDEO,Consulado  General  en  Montevideo,REPÚBLICA  ORIENTAL  DEL  URUGUAY,AMÉRICA  DEL  SUR,URY,www.Facebook.com/ArgentinaEnMontevideo/  //  ,Activo
EMOZA,Embajada  en  Mozambique,REPÚBLICA  DE  MOZAMBIQUE,ÁFRICA  SUBSAHARIANA,MOZ,www.Facebook.com/ArgentinaEnMozambique/  // ,Activo
ENIGE,Embajada  en  Nigeria,REPÚBLICA  FEDERAL  DE  NIGERIA,ÁFRICA  SUBSAHARIANA,NGA,www.Facebook.com/ArgentinaEnNigeria/  //  www.Instagram.com/embargennigeria/?igshid=f0laoeu8lhv8  //  ,Activo
ENORU,Embajada  en  Noruega,REINO  DE  NORUEGA,EUROPA  OCCIDENTAL,NOR,www.Facebook.com/ArgentinaEnNoruega/  //  www.Instagram.com/ARGenNoruega/  //  ,Activo
CMALL,Consulado  en  Palma,REINO  DE  ESPAÑA,EUROPA  OCCIDENTAL,ESP,www.Facebook.com/ArgentinaEnPalmaDeMallorca  //  ,Activo
CPMON,Consulado  en  Puerto  Montt,REPÚBLICA  DE  CHILE,AMÉRICA  DEL  SUR,CHL,www.Facebook.com/ArgentinaEnPuertoMontt/  //  ,Activo
ECHES,Embajada  en  República  Checa,REPÚBLICA  CHECA,EUROPA  CENTRAL  Y  ORIENTAL,CZE,www.Facebook.com/ArgentinaEnRepCheca/  //  www.Instagram.com/argentinaenpraga  //  ,Activo
CRIOJ,Consulado  General  en  Rio  de  Janeiro,REPÚBLICA  FEDERATIVA  DEL  BRASIL,AMÉRICA  DEL  SUR,BRA,www.Facebook.com/ArgentinaEnRiodeJaneiro/  //  ,Activo
ERUMA,Embajada  en  Rumania,RUMANIA,EUROPA  CENTRAL  Y  ORIENTAL,ROU,www.Facebook.com/ArgentinaEnRumania  //  www.Instagram.com/argentinaenrumania  //  ,Activo
CSIDN,Consulado  General  en  Sidney,AUSTRALIA,OCEANÍA,AUS,www.Facebook.com/ArgentinaEnSidney/  //  ,Activo
CTORO,Consulado  General  en  Toronto,CANADÁ,AMÉRICA  DEL  NORTE,CAN,www.Facebook.com/ArgentinaEnToronto/  //  www.Instagram.com/consuladoargtoronto/  //  ,Activo
EUCRA,Embajada  en  Ucrania,UCRANIA,EUROPA  CENTRAL  Y  ORIENTAL,UKR,www.Facebook.com/ArgentinaEnUcrania  //  www.Instagram.com/argenucrania/  //  ,Activo
CVALP,Consulado  General  en  Valparaíso,REPÚBLICA  DE  CHILE,AMÉRICA  DEL  SUR,CHL,www.Facebook.com/ArgentinaEnValparaiso  //  ,Activo
EVIET,Embajada  en  Vietnam,REPÚBLICA  SOCIALISTA  DE  VIETNAM,ASIA,VNM,www.Facebook.com/ArgentinaEnVietnam/  //  www.Instagram.com/argenvietnam/  //  ,Activo
ECANA,Embajada  en  Canadá,CANADÁ,AMÉRICA  DEL  NORTE,CAN,www.Facebook.com/ArgentinaInCanada  //  www.Youtube.com/channel/UC77DGXZ2ppExRtV4WS4IV-A  //  www.Twitter.com/ArginCanada  //  www.Instagram.com/argentinaincanada/  //  www.Linkedin.com/company/argentinaincanada  //  ,Activo
ETUNE,Embajada  en  Túnez,REPÚBLICA  TUNECINA,ÁFRICA  DEL  NORTE  Y  CERCANO  ORIENTE,TUN,www.Facebook.com/ArgEnTunez/  //  www.Twitter.com/EmbajadaTunez  //  www.Instagram.com/embargentinatn  //  www.Youtube.com/channel/UC8kSZug1SPHrp3r1hGzhjtg  //  ,Activo
CURUG,Consulado  en  Uruguayana,REPÚBLICA  FEDERATIVA  DEL  BRASIL,AMÉRICA  DEL  SUR,BRA,www.Facebook.com/ArgEnUruguayana/  //  www.Twitter.com/CURUGoK  //  ,Activo
CVILL,Consulado  en  Villazon,ESTADO  PLURINACIONAL  DE  BOLIVIA,AMÉRICA  DEL  SUR,BOL,www.Facebook.com/ArgEnVillazon  //  ,Activo
CBONN,Consulado  en  Bonn,REPÚBLICA  FEDERAL  DE  ALEMANIA,EUROPA  OCCIDENTAL,DEU,www.Facebook.com/ConsuladoArgentinoenBonn  //  http://www.Instagram.com/consulado.argentino.bonn  //  ,Activo
CMILA,Consulado  General  y  Centro  de  Promoción  en  Milán,REPÚBLICA  ITALIANA,EUROPA  OCCIDENTAL,ITA,www.Facebook.com/ConsuladoArgentinoenMilan  //  www.Instagram.com/consuladoargentinoenmilan/  //  www.Youtube.com/channel/UCZdYeN4gttYEyX15xxkUNWQ  //  ,Activo
CANTO,Consulado  en  Antofagasta,REPÚBLICA  DE  CHILE,AMÉRICA  DEL  SUR,CHL,www.Facebook.com/Consulado-de-la-Rep%C3%BAblica-Argentina-en-Antofagasta-255728465291743/  //  ,Activo
EFRUS,Embajada  en  Rusia,FEDERACIÓN  DE  RUSIA,EUROPA  CENTRAL  Y  ORIENTAL,RUS,www.Facebook.com/EMBAJADAARGENTINAENMOSCU  //  www.Twitter.com/EmbArgRusia  //  ,Activo
EASIR,Embajada  en  Siria,REPÚBLICA  ÁRABE  SIRIA,ASIA,SYR,www.Facebook.com/Embajada-Argentina-en-Siria-112176794025495  //  ,Activo
EDINA,Embajada  en  Dinamarca,REINO  DE  DINAMARCA,EUROPA  OCCIDENTAL,DNK,www.Facebook.com/EmbajadadeArgentinaenDinamarca/  //  ,Activo
EPOLO,Embajada  en  Polonia,REPÚBLICA  DE  POLONIA,EUROPA  CENTRAL  Y  ORIENTAL,POL,www.Facebook.com/Embajada-de-la-Rep%C3%BAblica-Argentina-en-Polonia-1726942037398853/  //  ,Activo
EAZER,Embajada  en  Azerbaiyán,REPÚBLICA  DE  AZERBAIYÁN,ASIA,AZE,www.Facebook.com/EmbassyOfArgentina/  //  www.Instagram.com/embargentinaaz  //  www.Twitter.com/ARGEnAzer  //  ,Activo
CMALD,Consulado  en  Maldonado,REPÚBLICA  ORIENTAL  DEL  URUGUAY,AMÉRICA  DEL  SUR,URY,www.Facebook.com/pg/ConsuladoArgentinoenMaldonado/posts/?ref=page_internal  //  www.Instagram.com/consulado_argentino/  //  ,Activo
CAREN,Consulado  General  en  Punta  Arenas,REPÚBLICA  DE  CHILE,AMÉRICA  DEL  SUR,CHL,www.Facebook.com/profile.php?id=100014152878593  //  ,Activo
CSBAH,Consulado  en  San  Salvador  de  Bahía,REPÚBLICA  FEDERATIVA  DEL  BRASIL,AMÉRICA  DEL  SUR,BRA,www.Instagram.com/argentinaensalvador  //  www.Facebook.com/ArgentinaenSalvador  //  www.Twitter.com/ArgentinaEnSSA  //  ,Activo
EARME,Embajada  en  Armenia,REPÚBLICA  DE  ARMENIA,ASIA,ARM,www.Instagram.com/arginarmenia/  //  www.Facebook.com/ArgentinaEnArmenia  //  www.Twitter.com/ARGinArmenia  //  ,Activo
CLOND,Consulado  General  en  Londres,REINO  UNIDO  DE  GRAN  BRETAÑA  E  IRLANDA  DEL  NORTE,EUROPA  OCCIDENTAL,GRB,www.Instagram.com/consuladoargentinoenlondres/  //  ,Activo
EBRAS,Embajada  en  Brasil,REPÚBLICA  FEDERATIVA  DEL  BRASIL,AMÉRICA  DEL  SUR,BRA,www.Instagram.com/embaargenbrasil  //  www.Twitter.com/ArgentinaEnBras  //  www.Facebook.com/embargbrasil  //  ,Activo
EMARR,Embajada  en  Marruecos,REINO  DE  MARRUECOS,ÁFRICA  DEL  NORTE  Y  CERCANO  ORIENTE,MAR,www.Instagram.com/marruecos.embajada/  //  www.Twitter.com/ArgMarruecos  //  ,Activo
EEGIP,Embajada  en  Egipto,REPÚBLICA  ÁRABE  DE  EGIPTO,ÁFRICA  DEL  NORTE  Y  CERCANO  ORIENTE,EGY,www.Instagram.com/argenegipto/  //  www.Twitter.com/ARGenEgipto  //  www.Facebook.com/ArgentinaenEgipto  //  ,Activo
EEOEA,Misión  Permanente  ante  la  Organización  de  Estados  Americanos,Estados  Unidos  de  América,AMÉRICA  DEL  NORTE,USA,www.Facebook.com/ARGenOEA/  //  www.Instagram.com/argenoea/  //  www.Twitter.com/ARGenOEA  //  www.Youtube.com/channel/UCqjmCa0UfL3_I3Ovqz5ZAag/featured  //  ,Activo
CCADI,Consulado  en  Cádiz,REINO  DE  ESPAÑA,EUROPA  OCCIDENTAL,ESP,www.Facebook.com/ArgentinaEnCadiz  //  ,Activo
EFINL,Embajada  en  Finlandia,REPÚBLICA  DE  FINLANDIA,EUROPA  OCCIDENTAL,FIN,www.Facebook.com/ArgentinaEnFinlandia/  //  www.Instagram.com/argenfinlandia/  //  ,Activo
EKENY,Embajada  en  Kenia,REPÚBLICA  DE  KENYA,ÁFRICA  SUBSAHARIANA,KEN,www.Facebook.com/ArgentinaEnKenia  //  www.Instagram.com/argenkenya/  //  ,Activo
EKUWA,Embajada  en  Kuwait,ESTADO  DE  KUWAIT,ASIA,KWT,www.Facebook.com/ArgentinaenKuwait  //  ,Activo
CTENE,Consulado  en  Tenerife,REINO  DE  ESPAÑA,EUROPA  OCCIDENTAL,ESP,www.Facebook.com/argentinaentenerife  //  ,Activo
ETRIN,Embajada  en  Trinidad  y  Tobago,REPÚBLICA  DE  TRINIDAD  Y  TOBAGO,AMÉRICA  CENTRAL  Y  CARIBE,TTO,www.Facebook.com/ArgentinaEnTrinidadYTobago // ,Activo
CCOCH,Consulado  en  Cochabamba,ESTADO  PLURINACIONAL  DE  BOLIVIA,AMÉRICA  DEL  SUR,BOL,www.Facebook.com/ArgentinaEnCochabamba  //  ,Activo
EMFAO,Misión  Permanente  ante  la  Organización  de  las  Naciones  Unidas  para  la  Alimentación  y  la  Agricultura,REPÚBLICA  ITALIANA,EUROPA  OCCIDENTAL,ITA,,Activo
CROMA,Consulado  General  en  Roma,REPÚBLICA  ITALIANA,EUROPA  OCCIDENTAL,ITA,,Activo
ESENE,Embajada  en  Senegal,REPÚBLICA  DE  SENEGAL,ÁFRICA  SUBSAHARIANA,SEN,,Activo
ECHIN,Embajada  en  China,REPÚBLICA  POPULAR  DE  CHINA,ASIA,CHN,,Activo
ENICA,Embajada  en  Nicaragua,REPÚBLICA  DE  NICARAGUA,AMÉRICA  CENTRAL  Y  CARIBE,NIC,,Activo
EPNMA,Embajada  en  Panamá,REPÚBLICA  DE  PANAMÁ,AMÉRICA  CENTRAL  Y  CARIBE,PAN,,Activo
ETURQ,Embajada  en  Türkiye,República  de  Türkiye,EUROPA  OCCIDENTAL,TUR,,Activo
EISIA,Embajada  en  Indonesia,REPÚBLICA  DE  INDONESIA,ASIA,IDN,,Activo
EHOND,Embajada  en  Honduras,REPÚBLICA  DE  HONDURAS,AMÉRICA  CENTRAL  Y  CARIBE,HND,,Activo
CSLTO,Consulado  en  Salto,REPÚBLICA  ORIENTAL  DEL  URUGUAY,AMÉRICA  DEL  SUR,URY,,Activo
EBOLV,Embajada  en  Bolivia,ESTADO  PLURINACIONAL  DE  BOLIVIA,AMÉRICA  DEL  SUR,BOL,,Activo
EQATR,Embajada  en  Qatar,ESTADO  DE  QATAR,ASIA,QAT,,Activo
CASUN,Consulado  General  en  Asunción,REPÚBLICA  DEL  PARAGUAY,AMÉRICA  DEL  SUR,PRY,,Activo
CATLA,Consulado  General  en  Atlanta,Estados  Unidos  de  América,AMÉRICA  DEL  NORTE,USA,,Activo
CBEIJ,Sección  Consular  en  Beijing,REPÚBLICA  POPULAR  DE  CHINA,ASIA,CHN,,Activo
CCONC,Consulado  en  Concepción,REPÚBLICA  DE  CHILE,AMÉRICA  DEL  SUR,CHL,,Activo
CENCA,Consulado  General  en  Encarnación,REPÚBLICA  DEL  PARAGUAY,AMÉRICA  DEL  SUR,PRY,,Activo
CFBEN,Consulado  en  Fray  Bentos,REPÚBLICA  ORIENTAL  DEL  URUGUAY,AMÉRICA  DEL  SUR,URY,,Activo
CFRAN,Consulado  General  y  Centro  de  Promoción  en  Francfort,REPÚBLICA  FEDERAL  DE  ALEMANIA,EUROPA  OCCIDENTAL,DEU,,Activo
CGEST,Consulado  General  y  Centro  de  Promoción  en  Estambul,República  de  Türkiye,EUROPA  OCCIDENTAL,TUR,,Activo
CGPAZ,Consulado  General  en  La  Paz,ESTADO  PLURINACIONAL  DE  BOLIVIA,AMÉRICA  DEL  SUR,BOL,,Activo
CGUAN,Consulado  General  en  Guangzhou,REPÚBLICA  POPULAR  DE  CHINA,ASIA,CHN,,Activo
CGUAY,Consulado  en  Guayaquil,REPÚBLICA  DEL  ECUADOR,AMÉRICA  DEL  SUR,ECU,,Activo
CGVAN,Consulado  General  en  Vancouver,CANADÁ,AMÉRICA  DEL  NORTE,CAN,,Activo
CHAMB,Consulado  General  en  Hamburgo,REPÚBLICA  FEDERAL  DE  ALEMANIA,EUROPA  OCCIDENTAL,DEU,,Activo
CHONG,Consulado  General  en  Hong  Kong,REPÚBLICA  POPULAR  DE  CHINA,ASIA,CHN,,Activo
CJOHA,Consulado  General  en  Johannesburgo,REPÚBLICA  DE  SUDÁFRICA,ÁFRICA  SUBSAHARIANA,ZAF,,Activo
CLIMA,Consulado  General  en  Lima,REPÚBLICA  DEL  PERÚ,AMÉRICA  DEL  SUR,PER,,Activo
CMEXI,Consulado  General  en  México,ESTADOS  UNIDOS  MEXICANOS,AMÉRICA  DEL  NORTE,MEX,,Activo
CMREA,Consulado  General  en  Montreal,CANADÁ,AMÉRICA  DEL  NORTE,CAN,,Activo
CPABL,Consulado  General  y  Centro  de  Promoción  en  San  Pablo,REPÚBLICA  FEDERATIVA  DEL  BRASIL,AMÉRICA  DEL  SUR,BRA,,Activo
CPAYS,Consulado  en  Paysandú,REPÚBLICA  ORIENTAL  DEL  URUGUAY,AMÉRICA  DEL  SUR,URY,,Activo
CPCAR,Consulado  en  Playa  del  Carmen,ESTADOS  UNIDOS  MEXICANOS,AMÉRICA  DEL  NORTE,MEX,,Activo
CSHAN,Consulado  General  y  Centro  de  Promoción  en  Shanghai,REPÚBLICA  POPULAR  DE  CHINA,ASIA,CHN,,Activo
CSIGO,Consulado  General  en  Santiago,REPÚBLICA  DE  CHILE,AMÉRICA  DEL  SUR,CHL,,Activo
CTARI,Consulado  General  en  Tarija,ESTADO  PLURINACIONAL  DE  BOLIVIA,AMÉRICA  DEL  SUR,BOL,,Activo
CYACU,Consulado  en  Yacuiba,ESTADO  PLURINACIONAL  DE  BOLIVIA,AMÉRICA  DEL  SUR,BOL,,Activo
DIGAC,Argentinos  en  el  exterior,REPÚBLICA  ARGENTINA,AMÉRICA  DEL  SUR,ARG,,Activo
EBANG,Embajada  en  Bangladesh,REPÚBLICA  POPULAR  DE  BANGLADESH,ASIA,BGD,,Activo
EGUAT,Embajada  en  Guatemala,REPÚBLICA  DE  GUATEMALA,AMÉRICA  CENTRAL  Y  CARIBE,GTM,,Activo
EGUYA,Embajada  en  Guyana,REPÚBLICA  COOPERATIVA  DE  GUYANA,AMÉRICA  CENTRAL  Y  CARIBE,GUY,,Activo
EHAIT,Embajada  en  Haití,REPÚBLICA  DE  HAITÍ,AMÉRICA  CENTRAL  Y  CARIBE,HTI,,Activo
EIRAN,Embajada  en  Irán,REPÚBLICA  ISLÁMICA  DE  IRÁN,ASIA,IRN,,Activo
ELBIA,Embajada  en  Libia,ESTADO  DE  LIBIA,ÁFRICA  DEL  NORTE  Y  CERCANO  ORIENTE,LBY,,Activo
EMSUR,Representación  Permanente  para  MERCOSUR  y  ALADI,REPÚBLICA  ORIENTAL  DEL  URUGUAY,AMÉRICA  DEL  SUR,URY,,Activo
ENAUN,Representación  Permanente  ante  las  Naciones  Unidas,Estados  Unidos  de  América,AMÉRICA  DEL  NORTE,USA,,Activo
ENZEL,Embajada  en  Nueva  Zelandia,NUEVA  ZELANDIA,OCEANÍA,NZL,,Activo
EPORT,Embajada  en  Portugal,REPÚBLICA  PORTUGUESA,EUROPA  OCCIDENTAL,PRT,,Activo
ESUIZ,Embajada  en  Suiza,Confederación  Suiza,EUROPA  OCCIDENTAL,CHE,,Activo
ESURI,Embajada  en  Surinam,REPÚBLICA  DE  SURINAME,AMÉRICA  DEL  SUR,SUR,,Activo
