codigo,link,red
CBARC, www.Instagram.com/argenbarcelona  ,Instagram
EDOMI,www.Facebook.com/ArgentinaEnRepublicaDominicana/ ,Facebook
EARGE, www.Instagram.com/argenargelia ,Instagram
EARGE, www.Facebook.com/ArgentinaEnArgelia ,Facebook
EVENE,www.Twitter.com/argenvenezuela?lang=es ,Twitter
ERUNI, www.Youtube.com/channel/UCzaGU10f-77SR56kini9-1g/videos?view_as=subscriber ,Youtube
ESSED,www.Twitter.com/ArgSantaSede ,Twitter
EPERU,www.Twitter.com/Emb_Arg_Peru ,Twitter
EALEM,www.Facebook.com/ArgEnAlemania/ ,Facebook
CCURI,www.Facebook.com/ArgEnCuritiba/ ,Facebook
CCURI, www.Twitter.com/ARGenCuri ,Twitter
EISRA, www.Twitter.com/argenisrael ,Twitter
EPBAJ,www.Facebook.com/ArgEnPaisesBajos/ ,Facebook
EARAB, www.Twitter.com/ensaudita ,Twitter
ETRIA, www.Instagram.com/argenviena/ ,Instagram
CRECI,www.Facebook.com/ArgentinaEnBrasilRecife ,Facebook
EBULG,www.Facebook.com/ArgentinaEnBulgaria/ ,Facebook
EFILI, www.Twitter.com/ArgentinaEnFili ,Twitter
EOIRS, www.Instagram.com/misionargentinaonu ,Instagram
ERUMA, www.Instagram.com/argentinaenrumania ,Instagram
ECANA, www.Youtube.com/channel/UC77DGXZ2ppExRtV4WS4IV-A ,Youtube
CURUG, www.Twitter.com/CURUGoK ,Twitter
EAZER, www.Twitter.com/ARGEnAzer ,Twitter
EBRAS, www.Twitter.com/ArgentinaEnBras ,Twitter
ESERB,www.Facebook.com/ArgentinaEnSerbia ,Facebook
ESERB, www.Instagram.com/ARGinSerbia ,Instagram
CCHIC, www.Facebook.com/ArgentinaEnChicago ,Facebook
EESPA,www.Twitter.com/ARGenesp ,Twitter
EVENE, www.Instagram.com/argenvenezuela/ ,Instagram
ESING,www.Twitter.com/ARGinSingapore ,Twitter
EEEUU, www.Flickr.com/photos/ARGinUSA/ ,Flickr
ESSED, www.Facebook.com/ArgEnSantaSede ,Facebook
EPAKI,www.Twitter.com/EmbajadadeArge1 ,Twitter
EHILE, www.Instagram.com/embargenchile/ ,Instagram
ECEUR, www.Twitter.com/ARGanteUE ,Twitter
ECEUR, www.Youtube.com/@ARGanteUE ,Youtube
ETAIL,www.Facebook.com/ArgEnTailandiaBangkok/?tn-str=k*F ,Facebook
EGREC,www.Facebook.com/ArgentinaEnGrecia ,Facebook
EGREC, www.Youtube.com/channel/UCFaKsErEs33zEdzJbnrzOog/featured ,Youtube
EIRLA, www.Instagram.com/embajadaargentinairlanda ,Instagram
CLANG,www.Facebook.com/ArgentinaEnLosAngeles/?ref=aymt_homepage_panel   ,Facebook
ENIGE, www.Instagram.com/embargennigeria/?igshid=f0laoeu8lhv8 ,Instagram
CRIOJ,www.Facebook.com/ArgentinaEnRiodeJaneiro/ ,Facebook
CSIDN,www.Facebook.com/ArgentinaEnSidney/ ,Facebook
CSBAH, www.Twitter.com/ArgentinaEnSSA ,Twitter
EARME, www.Facebook.com/ArgentinaEnArmenia ,Facebook
EFINL, www.Instagram.com/argenfinlandia/ ,Instagram
EKUWA,www.Facebook.com/ArgentinaenKuwait ,Facebook
CBARC,www.Facebook.com/ArgEnBarcelona ,Facebook
CVIGO,www.Facebook.com/ArgentinaenVigo ,Facebook
CMIAM,www.Facebook.com/consuladoargentino.miami/,Facebook
ESALV,www.Twitter.com/ARGenElSalvador ,Twitter
ESALV, www.Instagram.com/embargenelsalvador/ ,Instagram
EPARA,www.Twitter.com/argenparaguay_ ,Twitter
CFDIG, www.Facebook.com/ArgentinaEnFozDeIguazu ,Facebook
EURUG,www.Twitter.com/ArgentinaEnUru ,Twitter
EEEUU, www.Youtube.com/ARGinUSA ,Youtube
ESSED, www.Youtube.com/c/EmbajadaArgentinaantelaSantaSede ,Youtube
ESSED, www.Instagram.com/argensantasede/ ,Instagram
ECEUR, www.Flickr.com/people/197084220@N02/ ,Flickr
CCURI, www.Instagram.com/argEncuritiba ,Instagram
EETIO, www.Instagram.com/embaargenetiopia/ ,Instagram
CGMUM,www.Facebook.com/argenmumbai ,Facebook
CGMUM, www.Instagram.com/argenmumbai ,Instagram
ETRIA,www.Facebook.com/ArgentinaEnAustria/ ,Facebook
ETRIA, www.Twitter.com/ARGenViena ,Twitter
CBELO, www.Twitter.com/consgralbelo ,Twitter
ECORE,www.Facebook.com/ArgentinaEnCorea/ ,Facebook
EECUA,www.Facebook.com/Argentina-en-Ecuador-772092829594964/?ref=bookmarks ,Facebook
EOIRS, www.Twitter.com/ArgentinaONUOMC   ,Twitter
ELBNO,www.Facebook.com/ArgentinaEnLibano ,Facebook
ENIGE,www.Facebook.com/ArgentinaEnNigeria/ ,Facebook
ENORU,www.Facebook.com/ArgentinaEnNoruega/ ,Facebook
ECHES,www.Facebook.com/ArgentinaEnRepCheca/ ,Facebook
ECANA,www.Facebook.com/ArgentinaInCanada ,Facebook
ECANA, www.Twitter.com/ArginCanada ,Twitter
ETUNE, www.Twitter.com/EmbajadaTunez ,Twitter
CMILA, www.Youtube.com/channel/UCZdYeN4gttYEyX15xxkUNWQ ,Youtube
CANTO,www.Facebook.com/Consulado-de-la-Rep%C3%BAblica-Argentina-en-Antofagasta-255728465291743/ ,Facebook
CMALD, www.Instagram.com/consulado_argentino/ ,Instagram
EMARR,www.Instagram.com/marruecos.embajada/ ,Instagram
EEGIP,www.Instagram.com/argenegipto/ ,Instagram
EEOEA, www.Twitter.com/ARGenOEA ,Twitter
ESAFR, www.Instagram.com/argentinaensudafrica ,Instagram
EITAL, www.Twitter.com/arginitalia?lang=es ,Twitter
EITAL, www.Instagram.com/arginitalia/?hl=es ,Instagram
ESUEC, www.Facebook.com/arginsweden/ ,Facebook
EMEXI,www.Twitter.com/@ARGenMexico ,Twitter
EURUG, www.Instagram.com/argentinaenuru/ ,Instagram
ERUNI, www.Facebook.com/ARGinUK/ ,Facebook
ERUNI, www.Instagram.com/arginuk/ ,Instagram
EEEUU, www.Facebook.com/ARGinUSA/ ,Facebook
ECEUR,www.Facebook.com/ARGanteUE ,Facebook
CCEST, www.Instagram.com/argenciudaddeleste ,Instagram
CGMUM, www.Twitter.com/cgmum1 ,Twitter
CNYOR, www.Twitter.com/ARGenNewYork ,Twitter
EPBAJ, www.Twitter.com/ArgentinaEnPB ,Twitter
REPAL,www.Facebook.com/ArgEnPalestina ,Facebook
CCOLO,www.Facebook.com/ArgentinaenColonia ,Facebook
ERICA,www.Facebook.com/argentinaencostarica/ ,Facebook
EFILI,www.Facebook.com/ArgentinaEnFilipinas ,Facebook
CHOUS,www.Facebook.com/ArgentinaEnHouston/ ,Facebook
CMALL,www.Facebook.com/ArgentinaEnPalmaDeMallorca ,Facebook
CTORO, www.Instagram.com/consuladoargtoronto/ ,Instagram
CVALP,www.Facebook.com/ArgentinaEnValparaiso ,Facebook
EVIET, www.Instagram.com/argenvietnam/ ,Instagram
CBONN,www.Facebook.com/ConsuladoArgentinoenBonn ,Facebook
EEGIP, www.Twitter.com/ARGenEgipto ,Twitter
EEOEA, www.Youtube.com/channel/UCqjmCa0UfL3_I3Ovqz5ZAag/featured ,Youtube
CCADI,www.Facebook.com/ArgentinaEnCadiz ,Facebook
EKENY, www.Instagram.com/argenkenya/ ,Instagram
CCOCH,www.Facebook.com/ArgentinaEnCochabamba ,Facebook
ECOLO, www.Facebook.com/ArgColombia/?ref=bookmarks //,Facebook
ESUEC,www.Linkedin.com/showcase/arginsweden ,Linkedin
EARGE,www.Twitter.com/ARGenArgelia ,Twitter
CCHIC, www.Youtube.com/channel/UCjZ3a6zTr156aP_zg-1lQfQ/featured ,Youtube
ESALV, www.Facebook.com/ArgentinaEnElSalvador/ ,Facebook
EESPA, www.Instagram.com/argenespa/ ,Instagram
EPARA, www.Facebook.com/embajada.paraguay ,Facebook
EVENE, www.Facebook.com/EmbajadaArgentinaEnVenezuela ,Facebook
ERUNI,www.Twitter.com/ARGinUK ,Twitter
ERUNI, www.Flickr.com/photos/138300767@N07/albums ,Flickr
EHILE,www.Twitter.com/EmbArgEnChile ,Twitter
EHILE, www.Facebook.com/EmbArgentinaEnChile ,Facebook
CNYOR, www.Youtube.com/channel/UCJFygvT8lgEo1PrQqsHqMKg ,Youtube
EANGO,www.Facebook.com/ArgentinaEnAngola/ ,Facebook
EANGO, www.Instagram.com/embargentinaenangola/ ,Instagram
EAUST,www.Facebook.com/ArgentinaEnAustralia/ ,Facebook
EAUST, www.Twitter.com/ARGinAustralia ,Twitter
EBELG, www.Instagram.com/argenbelgica/ ,Instagram
CBELO,www.Facebook.com/ArgentinaEnBeloHorizonte/ ,Facebook
EECUA, www.Instagram.com/argentinaenecuador?igshid=1pzlw4ojakxjh ,Instagram
EFRAN,www.Facebook.com/ArgentinaEnFrancia/ ,Facebook
EJAMA,www.Facebook.com/ArgentinaEnJamaica/ ,Facebook
EMSIA,www.Facebook.com/ArgentinaEnMalasia ,Facebook
ENORU, www.Instagram.com/ARGenNoruega/ ,Instagram
CPMON,www.Facebook.com/ArgentinaEnPuertoMontt/ ,Facebook
EUCRA,www.Facebook.com/ArgentinaEnUcrania ,Facebook
EUCRA, www.Instagram.com/argenucrania/ ,Instagram
ETUNE,www.Facebook.com/ArgEnTunez/ ,Facebook
CMILA,www.Facebook.com/ConsuladoArgentinoenMilan ,Facebook
EAZER,www.Facebook.com/EmbassyOfArgentina/ ,Facebook
CMALD,www.Facebook.com/pg/ConsuladoArgentinoenMaldonado/posts/?ref=page_internal ,Facebook
CAREN,www.Facebook.com/profile.php?id=100014152878593 ,Facebook
CSBAH,www.Instagram.com/argentinaensalvador ,Instagram
EARME,www.Instagram.com/arginarmenia/ ,Instagram
CLOND,www.Instagram.com/consuladoargentinoenlondres/ ,Instagram
EEOEA,www.Facebook.com/ARGenOEA/ ,Facebook
EFINL,www.Facebook.com/ArgentinaEnFinlandia/ ,Facebook
ETRIN,www.Facebook.com/ArgentinaEnTrinidadYTobago,Facebook
CBARC, www.Twitter.com/ARGenBarcelona ,Twitter
EMEXI, www.Facebook.com/ARGenMexico/ ,Facebook
EMEXI, www.Instagram.com/embargenmexico/ ,Instagram
EMEXI, www.Youtube.com/user/EmbaArgenMX ,Youtube
EINDI,www.Twitter.com/ArgentinaEnInd ,Twitter
EINDI, www.Facebook.com/ArgentinaEnInd ,Facebook
EINDI, www.Instagram.com/argentinaenind/ ,Instagram
EURUG, www.Facebook.com/ArgentinaEnUru/ ,Facebook
CALEG,www.Twitter.com/ArgPortoAlegre ,Twitter
CALEG, www.Facebook.com/ArgentinaEnPortoAlegre/ ,Facebook
CALEG, www.Instagram.com/argenportoalegre/ ,Instagram
CCEST,www.Facebook.com/ArgEnCiudaddeleste/ ,Facebook
EISRA,www.Facebook.com/ArgEnIsrael ,Facebook
EARAB, www.Instagram.com/arginsaudi/ ,Instagram
CBELO, www.Instagram.com/consgralbelo/ ,Instagram
CRECI, www.Instagram.com/consuladoargentinorecife ,Instagram
EBULG, www.Youtube.com/channel/UCK-uSxN84lEMqJwCviEjZow ,Youtube
ECUBA,www.Facebook.com/ArgentinaEnCubaLaHabana/ ,Facebook
EFILI, www.Instagram.com/argentinaenfilipinas/ ,Instagram
EOIRS, www.Youtube.com/channel/UCSOsChik8j7nFJZnPq6K7Ag ,Youtube
ECANA, www.Instagram.com/argentinaincanada/ ,Instagram
CURUG,www.Facebook.com/ArgEnUruguayana/ ,Facebook
CVILL,www.Facebook.com/ArgEnVillazon ,Facebook
EAZER, www.Instagram.com/embargentinaaz ,Instagram
EBRAS,www.Instagram.com/embaargenbrasil ,Instagram
EBRAS, www.Facebook.com/embargbrasil ,Facebook
EJAPO, www.Facebook.com/ArgJapon/?ref=bookmarks ,Facebook
CSCRS,www.Facebook.com/ArgEnSantaCruz  de  la  Sierra ,Facebook
CBARC,www.Linkedin.com/company/consulado-y-centro-de-promoci%C3%B3n-de-la-republica-argentina-en-barcelona/mycompany/ ,Linkedin
ESAFR,www.Facebook.com/ArgenSudafrica ,Facebook
EUNES,www.Twitter.com/ArgentinaUNESCO ,Twitter
EUNES, www.Facebook.com/delegation.argentine/ ,Facebook
ESING, www.Instagram.com/argentine_embassy_singapore?igshid=YmMyMTA2M2Y= ,Instagram
EEEUU, www.Instagram.com/ARGinUSA/ ,Instagram
EEEUU, www.Linkedin.com/in/ARGinUSA ,Linkedin
EPERU, www.Facebook.com/ArgentinaEnPeru ,Facebook
ECEUR, www.Linkedin.com/company/arganteue ,Linkedin
EARAB,www.Facebook.com/argentinaenarabiasaudita/ ,Facebook
EBARB,www.Facebook.com/ArgentinaEnBarbados/ ,Facebook
EBELG,www.Facebook.com/ArgentinaEnBelgica/ ,Facebook
ECORE, www.Instagram.com/embajadaargentinaencorea1/?hl=es ,Instagram
EUNGR,www.Facebook.com/ArgentinaEnHungria ,Facebook
CGTEL,www.Facebook.com/ArgentinaEnIsrael/ ,Facebook
ECHES, www.Instagram.com/argentinaenpraga ,Instagram
ERUMA,www.Facebook.com/ArgentinaEnRumania ,Facebook
EVIET,www.Facebook.com/ArgentinaEnVietnam/ ,Facebook
ECANA, www.Linkedin.com/company/argentinaincanada ,Linkedin
ETUNE, www.Instagram.com/embargentinatn ,Instagram
ETUNE, www.Youtube.com/channel/UC8kSZug1SPHrp3r1hGzhjtg ,Youtube
CMILA, www.Instagram.com/consuladoargentinoenmilan/ ,Instagram
EFRUS, www.Twitter.com/EmbArgRusia ,Twitter
EPOLO,www.Facebook.com/Embajada-de-la-Rep%C3%BAblica-Argentina-en-Polonia-1726942037398853/ ,Facebook
EARME, www.Twitter.com/ARGinArmenia ,Twitter
EKENY,www.Facebook.com/ArgentinaEnKenia ,Facebook
CFLOR, www.Facebook.com/cflor.mrecic.gov.ar ,Facebook
ESAFR, www.Twitter.com/EmbArgentina ,Twitter
CVIGO, www.Instagram.com/argenvigo/ ,Instagram
EITAL,www.Facebook.com/emb.roma/ ,Facebook
ESUEC, www.Instagram.com/arginsweden/ ,Instagram
CCHIC,www.Twitter.com/argenchicago ,Twitter
EESPA, www.Facebook.com/argenespa/ ,Facebook
CFDIG,www.Twitter.com/argentinaenfoz ,Twitter
CFDIG, www.Instagram.com/argentinaenfoz/ ,Instagram
EEEUU,www.Twitter.com/ARGinUSA ,Twitter
EETIO,www.Facebook.com/ArgEnEtiopia/ ,Facebook
CNYOR,www.Facebook.com/ARGenNewYork ,Facebook
CNYOR, www.Instagram.com/argennewyork/ ,Instagram
EECUA, www.Youtube.com/channel/UC7FnoaJNif8jQLyBb4QDKng ,Youtube
EEARB,www.Facebook.com/ArgentinaEnEmiratosArabesUnidos ,Facebook
EOIRS,www.Facebook.com/ArgentinaEnGinebra ,Facebook
EIRLA,www.Facebook.com/ArgentinaEnIrlanda/ ,Facebook
EJAMA, www.Twitter.com/ARGenJamaica ,Twitter
CMADR,www.Facebook.com/ArgentinaEnMadridEsp/ ,Facebook
CMDEO,www.Facebook.com/ArgentinaEnMontevideo/ ,Facebook
EMOZA,www.Facebook.com/ArgentinaEnMozambique/ ,Facebook
CTORO,www.Facebook.com/ArgentinaEnToronto/ ,Facebook
CBONN, http://www.Instagram.com/consulado.argentino.bonn ,Instagram
EFRUS,www.Facebook.com/EMBAJADAARGENTINAENMOSCU ,Facebook
EASIR,www.Facebook.com/Embajada-Argentina-en-Siria-112176794025495 ,Facebook
EDINA,www.Facebook.com/EmbajadadeArgentinaenDinamarca/ ,Facebook
CSBAH, www.Facebook.com/ArgentinaenSalvador ,Facebook
EMARR, www.Twitter.com/ArgMarruecos ,Twitter
EEGIP, www.Facebook.com/ArgentinaenEgipto ,Facebook
EEOEA, www.Instagram.com/argenoea/ ,Instagram
CTENE,www.Facebook.com/argentinaentenerife ,Facebook
